current_registration,mro_code
279,lotams
4O-AOB,lotams
C-FANB,lotams
C-FANF,lotams
C-FCEU,lotams
C-FCUG,lotams
C-FDCA,lotams
C-FEIQ,lotams
C-FEIX,lotams
C-FEJB,lotams
C-FEJD,lotams
C-FEJP,lotams
C-FEJY,lotams
C-FEKD,lotams
C-FEKH,lotams
C-FEKI,lotams
C-FEKJ,lotams
C-FFYG,lotams
C-FGDT,lotams
C-FGDX,lotams
C-FGDZ,lotams
C-FGEI,lotams
C-FGEO,lotams
C-FGFZ,lotams
C-FGHZ,lotams
C-FGJI,lotams
C-FGKH,lotams
C-FGKN,lotams
C-FGKZ,lotams
C-FITL,lotams
C-FITU,lotams
C-FITW,lotams
C-FIUA,lotams
C-FIUJ,lotams
C-FIUL,lotams
C-FIUR,lotams
C-FIUV,lotams
C-FIUW,lotams
C-FIVK,lotams
C-FIVM,lotams
C-FIVQ,lotams
C-FIVR,lotams
C-FIVS,lotams
C-FIVW,lotams
C-FIVX,lotams
C-FJBO,lotams
C-FJFZ,lotams
C-FJJZ,lotams
C-FJOU,lotams
C-FJQZ,lotams
C-FJZD,lotams
C-FJZS,lotams
C-FKAU,lotams
C-FVGP,lotams
C-GANH,lotams
C-GANJ,lotams
C-GVGX,lotams
CS-TSW,lotams
D-ABPA,lotams
D-ABPB,lotams
D-ABPC,lotams
D-ABPD,lotams
D-ABTK,lotams
D-ABTL,lotams
D-ABVU,lotams
D-ABVW,lotams
D-ABVX,lotams
D-ABVZ,lotams
D-ABYD,lotams
D-ABYF,lotams
D-ABYG,lotams
D-ABYH,lotams
D-ABYI,lotams
D-ABYJ,lotams
D-ABYK,lotams
D-ABYL,lotams
D-ABYM,lotams
D-ABYN,lotams
D-ABYP,lotams
D-ABYQ,lotams
D-ABYR,lotams
D-ABYS,lotams
D-ABYT,lotams
D-ABYU,lotams
D-ACNB,lotams
D-ACNC,lotams
D-ACND,lotams
D-ACNE,lotams
D-ACNF,lotams
D-ACNH,lotams
D-ACNI,lotams
D-ACNJ,lotams
D-ACNK,lotams
D-ACNL,lotams
D-ACNM,lotams
D-ACNO,lotams
D-ACNP,lotams
D-ACNQ,lotams
D-ACNR,lotams
D-ACNT,lotams
D-ACNU,lotams
D-ACNV,lotams
D-ACNW,lotams
D-ACNX,lotams
D-AIBA,lotams
D-AIBB,lotams
D-AIBC,lotams
EC-MII,lotams
EI-HIL,lotams
EI-HIM,lotams
EI-NEO,lotams
EI-NEU,lotams
EI-NEW,lotams
EI-NUA,lotams
EI-NYE,lotams
EI-RZA,lotams
EI-RZB,lotams
EI-RZC,lotams
EI-RZD,lotams
EI-RZE,lotams
F-OJZA,lotams
F-OLRC,lotams
F-OLRD,lotams
F-OLRE,lotams
F-OMER,lotams
F-OMUA,lotams
F-ONUI,lotams
F-OREU,lotams
F-OTOA,lotams
F-OVAA,lotams
G-VYGK,lotams
HA-LKG,lotams
I-ADJK,lotams
I-ADJM,lotams
I-ADJN,lotams
I-ADJO,lotams
I-ADJP,lotams
I-ADJQ,lotams
I-ADJR,lotams
I-ADJT,lotams
I-ADJU,lotams
I-ADJV,lotams
I-ADJW,lotams
I-ADJX,lotams
I-ADJY,lotams
I-ADJZ,lotams
I-JENB,lotams
I-JEND,lotams
I-JENE,lotams
I-NEOU,lotams
I-NEOZ,lotams
LZ-EAH,lotams
OK-IOO,lotams
OK-JRE,lotams
OK-JRS,lotams
OK-SWA,lotams
OK-SWD,lotams
OK-SWE,lotams
OK-SWH,lotams
OK-SWJ,lotams
OK-TSF,lotams
OK-TSI,lotams
OK-TSO,lotams
OK-TSU,lotams
OK-TVF,lotams
OO-JAX,lotams
OO-JDL,lotams
OO-MAX,lotams
PH-EXF,lotams
PH-EXI,lotams
PH-EXR,lotams
PH-LAU,lotams
PH-TFK,lotams
PH-TFL,lotams
PH-TFM,lotams
PH-TFO,lotams
PH-TFP,lotams
PH-TFR,lotams
PH-TFT,lotams
PH-TFU,lotams
SP-LDF,lotams
SP-LDH,lotams
SP-LDI,lotams
SP-LIC,lotams
SP-LID,lotams
SP-LII,lotams
SP-LIL,lotams
SP-LIM,lotams
SP-LIN,lotams
SP-LIO,lotams
SP-LIQ,lotams
SP-LIR,lotams
SP-LMA,lotams
SP-LMB,lotams
SP-LMC,lotams
SP-LMD,lotams
SP-LME,lotams
SP-LMF,lotams
SP-LMH,lotams
SP-LNB,lotams
SP-LNC,lotams
SP-LND,lotams
SP-LNE,lotams
SP-LNF,lotams
SP-LNG,lotams
SP-LNH,lotams
SP-LNL,lotams
SP-LNM,lotams
SP-LNN,lotams
SP-LNO,lotams
SP-LRA,lotams
SP-LRC,lotams
SP-LRD,lotams
SP-LRH,lotams
SP-LSA,lotams
SP-LSB,lotams
SP-LSC,lotams
SP-LSE,lotams
SP-LSF,lotams
SP-LSG,lotams
SP-LVA,lotams
SP-LVB,lotams
SP-LVC,lotams
SP-LVD,lotams
SP-LWA,lotams
SP-LWB,lotams
SP-LWC,lotams
SP-LWF,lotams
SP-LWG,lotams
SP-MRG,lotams
SP-TVZ,lotams
TC-GCA,lotams
TC-JCI,lotams
TC-JDO,lotams
TC-JDP,lotams
TC-JDR,lotams
TC-JDS,lotams
TC-JHL,lotams
TC-JHM,lotams
TC-JHN,lotams
TC-JHO,lotams
TC-JHP,lotams
TC-JHS,lotams
TC-JHT,lotams
TC-JHU,lotams
TC-JHV,lotams
TC-JHY,lotams
TC-JHZ,lotams
TC-JIO,lotams
TC-JIP,lotams
TC-JIS,lotams
TC-JIT,lotams
TC-JJF,lotams
TC-JJG,lotams
TC-JJI,lotams
TC-JJJ,lotams
TC-JJK,lotams
TC-JJL,lotams
TC-JJN,lotams
TC-JJO,lotams
TC-JJP,lotams
TC-JJR,lotams
TC-JJS,lotams
TC-JJT,lotams
TC-JJU,lotams
TC-JJV,lotams
TC-JJY,lotams
TC-JJZ,lotams
TC-JLS,lotams
TC-JLT,lotams
TC-JLU,lotams
TC-JLV,lotams
TC-JLY,lotams
TC-JMH,lotams
TC-JMI,lotams
TC-JMK,lotams
TC-JML,lotams
TC-JNB,lotams
TC-JNC,lotams
TC-JND,lotams
TC-JNE,lotams
TC-MGG,lotams
TF-FIC,lotams
TF-FIK,lotams
TF-FIN,lotams
TF-FXA,lotams
TF-FXE,lotams
TF-FXG,lotams
TF-FXH,lotams
TF-FXI,lotams
TF-FXK,lotams
TF-ICA,lotams
TF-ICB,lotams
TF-ICC,lotams
TF-ICD,lotams
TF-ICE,lotams
TF-ICF,lotams
TF-ICG,lotams
TF-ICH,lotams
TF-ICI,lotams
TF-ICL,lotams
TF-ICM,lotams
TF-ICN,lotams
TF-ICO,lotams
TF-ICP,lotams
TF-ICR,lotams
TF-ICS,lotams
TF-ICU,lotams
TF-ICY,lotams
TF-ISO,lotams
TF-ISP,lotams
TF-ISR,lotams
TF-ISW,lotams
TF-LLL,lotams
VT-GSI,lotams
VT-GSJ,lotams
9H-WAF,lst
9H-WAG,lst
9H-WAI,lst
9H-WAL,lst
9H-WAO,lst
9H-WAQ,lst
9H-WAY,lst
9H-WAZ,lst
9H-WBI,lst
9H-WBU,lst
9H-WBZ,lst
9H-WDG,lst
9H-WDH,lst
9H-WDK,lst
9H-WDP,lst
9H-WDQ,lst
9H-WDR,lst
9H-WDS,lst
9H-WDT,lst
9H-WDV,lst
D-ABGJ,lst
D-ABGN,lst
D-ABGQ,lst
D-ABHG,lst
D-ABNH,lst
D-ABNL,lst
D-ABNN,lst
D-ABNU,lst
D-ABZE,lst
D-ABZI,lst
D-ABZK,lst
D-ABZL,lst
D-ABZN,lst
D-AEEA,lst
D-AEEB,lst
D-AEEC,lst
D-AEED,lst
D-AENC,lst
D-AENE,lst
D-AENF,lst
D-AENG,lst
D-AENH,lst
D-AEWJ,lst
D-AEWK,lst
D-AEWL,lst
D-AEWM,lst
D-AEWN,lst
D-AEWO,lst
D-AEWP,lst
D-AEWQ,lst
D-AEWR,lst
D-AEWS,lst
D-AEWT,lst
D-AEWU,lst
D-AEWV,lst
D-AEWW,lst
D-AGWA,lst
D-AGWB,lst
D-AGWC,lst
D-AGWD,lst
D-AGWE,lst
D-AGWF,lst
D-AGWG,lst
D-AGWH,lst
D-AGWK,lst
D-AGWL,lst
D-AGWM,lst
D-AGWN,lst
D-AGWU,lst
D-AGWV,lst
D-CSUS,lst
D-IGRK,lst
EC-JDR,lst
EC-JFG,lst
EC-JFH,lst
EC-JLI,lst
EC-JSY,lst
EC-JTR,lst
EC-JYX,lst
EC-JZI,lst
EC-KCU,lst
EC-KDG,lst
EC-KDH,lst
EC-KDT,lst
EC-KDX,lst
EC-KHN,lst
EC-KJD,lst
EC-KLB,lst
EC-KLT,lst
EC-KRH,lst
EC-LAA,lst
EC-LAB,lst
EC-LLJ,lst
EC-LOB,lst
EC-LOC,lst
EC-LOP,lst
EC-LUN,lst
EC-LUO,lst
EC-LUS,lst
EC-LVO,lst
EC-LVP,lst
EC-LVQ,lst
EC-LVS,lst
EC-LVT,lst
EC-LVU,lst
EC-LVV,lst
EC-LYM,lst
EC-LZN,lst
EC-MAH,lst
EC-MAI,lst
EC-MAN,lst
EC-MAO,lst
EC-MBD,lst
EC-MBE,lst
EC-MBS,lst
EC-MBT,lst
EC-MBY,lst
EC-MDZ,lst
EC-MEA,lst
EC-MEL,lst
EC-MEQ,lst
EC-MER,lst
EC-MES,lst
EC-MFK,lst
EC-MFL,lst
EC-MFM,lst
EC-MFN,lst
EC-MGE,lst
EC-MGY,lst
EC-MGZ,lst
EC-MUF,lst
EC-NIA,lst
EC-NIF,lst
EC-NJI,lst
EC-NST,lst
EC-NUD,lst
EC-OAS,lst
EI-HAC,lst
F-GKXG,lst
F-GKXH,lst
F-GKXI,lst
F-GKXJ,lst
F-GKXL,lst
F-GKXM,lst
F-GKXN,lst
F-GKXO,lst
F-GKXP,lst
F-GKXQ,lst
F-GKXR,lst
F-GKXS,lst
F-GKXT,lst
F-GKXU,lst
F-GKXV,lst
F-GKXY,lst
F-GKXZ,lst
F-GMZC,lst
F-GMZD,lst
F-GRXB,lst
F-GRXF,lst
F-GSPA,lst
F-GSPD,lst
F-GSPE,lst
F-GSPF,lst
F-GSPG,lst
F-GSPI,lst
F-GSPJ,lst
F-GSPK,lst
F-GSPL,lst
F-GSPM,lst
F-GSPN,lst
F-GSPO,lst
F-GSPP,lst
F-GSPQ,lst
F-GSPU,lst
F-GSPX,lst
F-GSPY,lst
F-GSPZ,lst
F-GSQA,lst
F-GSQB,lst
F-GSQC,lst
F-GSQD,lst
F-GSQE,lst
F-GSQG,lst
F-GSQH,lst
F-GSQI,lst
F-GSQJ,lst
F-GSQK,lst
F-GSQL,lst
F-GZHS,lst
F-GZTJ,lst
F-GZTP,lst
F-HIQB,lst
F-HIQC,lst
F-HIQD,lst
F-HIQE,lst
F-HIQF,lst
F-HIQH,lst
F-HIXB,lst
G-BKCC,lst
G-EZAO,lst
G-EZAU,lst
G-EZAV,lst
G-EZAX,lst
G-EZBH,lst
G-EZBI,lst
G-EZBO,lst
G-EZBR,lst
G-EZBT,lst
G-EZBU,lst
G-EZBV,lst
G-EZBW,lst
G-EZBX,lst
G-EZBY,lst
G-EZBZ,lst
G-EZDA,lst
G-EZDH,lst
G-EZDJ,lst
G-EZDK,lst
G-EZDL,lst
G-EZDM,lst
G-EZDN,lst
G-EZDV,lst
G-EZDX,lst
G-EZFI,lst
G-EZFR,lst
G-EZFU,lst
G-EZFV,lst
G-EZFW,lst
G-EZIY,lst
G-EZTA,lst
G-EZTB,lst
G-EZTC,lst
G-EZTD,lst
G-EZTG,lst
G-EZTH,lst
G-EZTJ,lst
G-EZTK,lst
G-EZTL,lst
G-EZTM,lst
G-EZTN,lst
G-EZTV,lst
G-EZTX,lst
G-EZTY,lst
G-EZTZ,lst
G-EZUA,lst
G-EZUC,lst
G-EZUF,lst
G-GDFC,lst
G-GDFD,lst
G-GDFF,lst
G-GDFG,lst
G-GDFJ,lst
G-GDFK,lst
G-GDFL,lst
G-GDFM,lst
G-GDFN,lst
G-GDFO,lst
G-GDFP,lst
G-GDFR,lst
G-GDFS,lst
G-GDFU,lst
G-GDFV,lst
G-GDFX,lst
G-GDFY,lst
G-GDFZ,lst
G-HLYA,lst
G-JZBA,lst
G-JZBB,lst
G-JZBD,lst
G-JZBH,lst
G-JZBI,lst
G-JZBJ,lst
G-JZBK,lst
G-JZBL,lst
G-JZBM,lst
G-JZBN,lst
G-JZHA,lst
G-JZHB,lst
G-JZHC,lst
G-JZHD,lst
G-JZHF,lst
G-JZHG,lst
G-JZHH,lst
G-JZHJ,lst
G-JZHK,lst
G-JZHL,lst
G-JZHM,lst
G-JZHP,lst
G-JZHR,lst
G-JZHS,lst
G-JZHU,lst
G-JZHV,lst
G-JZHW,lst
G-JZHX,lst
G-JZHY,lst
G-JZHZ,lst
G-NXOE,lst
G-VYGM,lst
HA-LTF,lst
HA-LVD,lst
HA-LVE,lst
HA-LVH,lst
HA-LVI,lst
HA-LVJ,lst
HA-LVK,lst
HA-LVP,lst
HA-LVT,lst
HA-LWV,lst
HA-LXH,lst
HA-LXJ,lst
HA-LXO,lst
HA-LXR,lst
HA-LXS,lst
HA-LYL,lst
HA-LZI,lst
HA-LZK,lst
HA-LZL,lst
HA-LZM,lst
HA-LZR,lst
HA-LZU,lst
HA-LZY,lst
I-ADJL,lst
I-ADJS,lst
LN-RGL,lst
LN-RGM,lst
LN-RGN,lst
LN-RGO,lst
LN-RKM,lst
LN-RKO,lst
LN-RKS,lst
LN-RKT,lst
LN-RKU,lst
OE-LAE,lst
OE-LAZ,lst
OE-LBD,lst
OE-LBE,lst
OE-LBF,lst
OE-LBI,lst
OE-LBJ,lst
OE-LBK,lst
OE-LBM,lst
OE-LBP,lst
OE-LBQ,lst
OE-LBR,lst
OE-LBS,lst
OE-LBT,lst
OE-LBU,lst
OE-LBV,lst
OE-LBW,lst
OE-LBY,lst
OE-LBZ,lst
OE-LPA,lst
OE-LPD,lst
OE-LPE,lst
OE-LPF,lst
OE-LWA,lst
OE-LWC,lst
OE-LWD,lst
OE-LWE,lst
OE-LWF,lst
OE-LWG,lst
OE-LWH,lst
OE-LWI,lst
OE-LWJ,lst
OE-LWK,lst
OE-LWL,lst
OE-LWN,lst
OE-LWO,lst
OE-LWP,lst
OE-LWQ,lst
OE-LXA,lst
OE-LXB,lst
OE-LXC,lst
OE-LXD,lst
OE-LXE,lst
OE-LZA,lst
OE-LZC,lst
OE-LZD,lst
OE-LZE,lst
OE-LZF,lst
OH-ATE,lst
OH-ATF,lst
OH-ATG,lst
OH-ATH,lst
OH-ATI,lst
OH-ATJ,lst
OH-ATK,lst
OH-ATL,lst
OH-ATM,lst
OH-ATN,lst
OH-ATO,lst
OH-ATP,lst
OH-LKE,lst
OH-LKF,lst
OH-LKG,lst
OH-LKH,lst
OH-LKI,lst
OH-LKK,lst
OH-LKM,lst
OH-LKN,lst
OH-LKO,lst
OH-LKP,lst
OH-LKR,lst
OH-LTO,lst
OH-LTP,lst
OH-LTT,lst
OH-LVC,lst
OH-LVD,lst
OH-LVH,lst
OH-LVI,lst
OH-LVL,lst
OH-LWA,lst
OH-LWB,lst
OH-LWC,lst
OH-LWD,lst
OH-LWE,lst
OH-LWF,lst
OH-LWG,lst
OH-LWI,lst
OH-LWK,lst
OH-LWL,lst
OH-LWM,lst
OH-LWN,lst
OH-LWO,lst
OH-LWP,lst
OH-LWR,lst
OH-LWS,lst
OH-LXA,lst
OO-SBA,lst
OO-SBB,lst
OO-SFB,lst
OO-SFC,lst
OO-SFD,lst
OO-SFE,lst
OO-SFF,lst
OO-SFG,lst
OO-SFH,lst
OO-SFJ,lst
OO-SNB,lst
OO-SNF,lst
OO-SNH,lst
OO-SNI,lst
OO-SNJ,lst
OO-SNK,lst
OO-SNL,lst
OO-SNM,lst
OO-SNN,lst
OO-SNO,lst
OO-SNP,lst
OO-SNQ,lst
OO-SSA,lst
OO-SSB,lst
OO-SSF,lst
OO-SSJ,lst
OO-SSN,lst
OO-SSO,lst
OO-SSR,lst
OO-SSU,lst
OO-SSW,lst
OO-SSX,lst
OO-SSY,lst
OO-TCH,lst
OO-TCQ,lst
OO-TCV,lst
OY-JZN,lst
OY-JZP,lst
OY-KAP,lst
OY-KAR,lst
OY-KAS,lst
OY-KBO,lst
OY-KBP,lst
OY-KBR,lst
OY-KBT,lst
SE-DMO,lst
SE-DMR,lst
SE-DMS,lst
SE-DOX,lst
SE-DOY,lst
SE-DOZ,lst
SE-MKA,lst
SE-MKB,lst
SE-MKC,lst
SE-MKD,lst
SE-MKE,lst
SE-MKF,lst
SE-MKG,lst
SE-MKH,lst
SE-MKI,lst
SE-MKL,lst
SE-MKN,lst
SE-MKO,lst
SE-REH,lst
SE-ROA,lst
SE-ROB,lst
SE-ROC,lst
SE-ROD,lst
SE-ROE,lst
SE-ROF,lst
SE-ROG,lst
SE-ROI,lst
SE-ROJ,lst
SE-ROK,lst
SE-ROM,lst
SE-RON,lst
SE-ROO,lst
SP-ENG,lst
SP-ENL,lst
SP-ENM,lst
SP-ENN,lst
SP-ENQ,lst
SP-ENU,lst
SP-ENV,lst
SP-ENW,lst
SP-ENX,lst
SP-ESA,lst
SP-ESB,lst
SP-ESC,lst
SP-ESE,lst
SP-ESG,lst
SP-ESH,lst
SP-ESI,lst
SP-ESK,lst
SP-EXA,lst
SP-EXB,lst
SP-EXC,lst
SP-EXE,lst
SP-EXF,lst
SP-RKB,lst
SP-RKC,lst
SP-RKD,lst
SP-RKE,lst
SP-RKF,lst
SP-RKG,lst
SP-RKH,lst
SP-RKK,lst
SP-RKL,lst
SP-RKM,lst
SP-RKN,lst
SP-RKO,lst
SP-RKP,lst
SP-RKQ,lst
SP-RKR,lst
SP-RKS,lst
SP-RKT,lst
SP-RKU,lst
SP-RKV,lst
SP-RKW,lst
SP-RKZ,lst
SP-RSA,lst
SP-RSC,lst
SP-RSD,lst
SP-RSE,lst
SP-RSG,lst
SP-RSH,lst
SP-RSI,lst
SP-RSK,lst
SP-RSL,lst
SP-RSM,lst
SP-RSN,lst
SP-RSO,lst
SP-RSP,lst
SP-RSQ,lst
SP-RSR,lst
SP-RST,lst
SP-RSU,lst
SP-RSV,lst
SP-RSW,lst
SP-RSZ,lst
SP-RUM,lst
SP-RZA,lst
SP-RZB,lst
SP-RZC,lst
SP-RZD,lst
SP-RZE,lst
SP-RZF,lst
SX-DGA,lst
SX-DGB,lst
SX-DGD,lst
SX-DGE,lst
SX-DGI,lst
SX-DGY,lst
SX-DGZ,lst
SX-DNB,lst
SX-DNC,lst
SX-DND,lst
SX-DNG,lst
SX-DNH,lst
SX-DVH,lst
SX-DVI,lst
SX-DVJ,lst
SX-DVL,lst
SX-DVM,lst
SX-DVN,lst
SX-DVQ,lst
SX-DVR,lst
SX-DVS,lst
SX-DVV,lst
SX-DVX,lst
SX-DVY,lst
SX-DVZ,lst
SX-NEB,lst
SX-NEF,lst
SX-NEI,lst
SX-NEJ,lst
SX-NEM,lst
SX-OAY,lst
SX-OAZ,lst
SX-OBI,lst
SX-OBM,lst
SX-OBN,lst
SX-OBP,lst
SX-OBQ,lst
SX-OBR,lst
